customer_id,credit_lines_outstanding,loan_amt_outstanding,total_debt_outstanding,income,years_employed,fico_score,default
1,6,13070,75681,58933,39,810,1
2,19,13666,91571,137225,1,585,0
3,14,41368,75481,34378,7,312,0
4,10,11783,78576,70583,26,797,0
5,7,46914,74174,142082,21,537,0
6,6,9971,36160,115371,36,393,0
7,18,18490,27633,59033,26,637,1
8,10,6990,27014,54000,28,470,0
9,10,10299,90532,141032,2,766,0
10,3,24956,59104,105868,12,442,0
11,7,27359,51621,72604,9,500,0
12,2,42148,87231,98336,35,479,0
13,1,33734,78388,125074,8,663,0
14,11,9757,26014,125655,26,778,0
15,5,24097,43755,103869,33,770,0
16,1,15395,50390,35410,0,683,0
17,0,21241,33711,113375,31,716,0
18,11,43356,67993,86044,24,607,0
19,11,32696,84696,93315,28,666,1
20,16,9944,37213,126055,6,300,0
21,9,24816,67784,101344,2,343,0
22,15,42011,17421,36796,19,397,0
23,14,29917,96936,116716,19,564,0
24,14,36195,27727,84245,29,439,0
25,18,26566,14358,73056,34,780,0
26,11,14916,75108,47709,34,536,0
27,19,25806,42117,149664,38,371,0
28,2,14984,98700,88557,26,489,0
29,4,6759,41910,47543,25,567,0
30,18,46949,65754,67418,13,620,1
31,6,31838,72438,124611,16,406,0
32,8,7482,39371,133291,17,531,0
33,6,29442,61501,143504,28,341,0
34,17,38719,70946,133001,19,438,0
35,3,32965,48467,126038,26,572,0
36,13,7079,27625,46724,17,780,0
37,17,7717,43893,33828,3,715,1
38,8,32952,86329,146656,0,805,1
39,1,25908,41007,47087,0,723,0
40,19,47460,49532,42605,25,706,0
41,14,29861,64253,61337,19,689,1
42,6,12311,22323,35482,22,641,0
43,11,33071,83379,95333,9,792,1
44,7,28570,24210,122541,10,491,0
45,14,23449,26456,118296,4,798,0
46,2,38536,41367,80952,0,532,0
47,13,43258,64624,35463,16,526,0
48,16,33865,20106,142164,21,670,0
49,3,11645,78008,100448,33,438,0
50,17,43000,82240,34648,28,448,0
51,7,31737,74315,63623,3,414,0
52,3,16485,79249,89156,4,749,0
53,1,43565,80587,65634,10,362,0
54,5,30522,20756,74602,20,403,0
55,9,17342,78011,144598,34,572,0
56,3,45806,46378,79334,11,305,0
57,17,18087,14255,98648,25,446,1
58,11,42641,24484,52054,18,483,1
59,1,39249,66549,100028,6,327,0
60,9,15093,44503,52207,6,849,0
61,3,21438,83794,110650,25,418,0
62,13,45411,55113,129821,39,592,1
63,15,31399,84069,111554,4,670,0
64,14,24846,15249,51386,20,543,0
65,7,20708,29201,113276,13,517,0
66,13,49039,68576,89518,3,476,0
67,7,15998,19686,82781,22,598,0
68,15,35678,63363,82780,19,357,0
69,12,15682,10661,91440,14,568,1
70,17,13519,54843,74199,28,607,1
71,14,36480,70963,91035,7,587,0
72,12,24694,52828,38210,18,404,0
73,8,8300,58604,74363,38,527,0
74,14,11722,20526,141175,27,546,0
75,12,44986,78910,108279,26,793,0
76,0,29160,35592,90348,3,382,0
77,6,25059,38982,85284,14,485,0
78,8,40822,10207,137628,34,551,0
79,0,18575,98733,139835,36,654,0
80,11,12970,78619,102124,0,509,0
81,7,39911,39328,98847,2,746,0
82,10,26591,56479,52432,23,759,1
83,18,36821,30103,94089,26,771,1
84,16,14503,49891,85398,39,669,1
85,7,23922,20754,129291,35,791,0
86,2,17175,91437,33321,33,436,0
87,2,46124,82982,111348,28,666,0
88,0,26389,65922,67383,23,483,1
89,4,5822,58231,143816,23,586,0
90,9,22327,39301,108682,3,771,0
91,6,11150,72711,109190,2,674,0
92,8,9425,51323,82893,33,836,0
93,6,21032,28752,65820,22,810,0
94,8,7198,92205,96262,22,549,0
95,7,25079,23395,33760,4,809,0
96,11,41220,95957,52190,30,372,0
97,1,46874,66273,97411,5,581,1
98,0,18859,14895,53377,36,659,0
99,15,36419,86559,76737,9,309,0
100,4,13705,20699,99569,39,510,0
101,2,47880,75061,68211,6,451,1
102,11,28236,19715,112909,38,304,0
103,7,27419,29169,33744,37,494,1
104,2,24978,26163,54995,20,582,0
105,0,42609,15782,46977,19,763,1
106,2,20358,98177,127938,2,412,1
107,4,39177,94328,64542,21,570,0
108,14,34378,45585,40651,3,462,0
109,13,42334,40682,129239,27,759,0
110,2,16382,57864,108931,11,404,0
111,0,19596,94416,125344,37,581,0
112,4,38572,65114,132112,35,461,0
113,13,18221,48067,46715,4,650,0
114,6,6279,52685,74409,12,733,0
115,8,12083,28073,54306,22,439,0
116,14,48861,46035,49086,29,770,0
117,14,22771,74977,44376,36,431,0
118,9,34975,93362,91350,24,386,0
119,12,24063,75450,101425,26,482,0
120,18,7106,20382,133358,13,667,0
121,6,29557,14437,66636,35,428,1
122,16,25607,80971,116120,38,545,0
123,19,42599,74612,144889,15,677,0
124,3,33529,71929,81649,21,448,0
125,4,40954,22329,64610,20,732,0
126,6,32856,35169,40058,20,768,1
127,12,7573,97468,104637,7,745,1
128,14,17808,44594,108033,15,780,0
129,10,40367,86957,100194,30,593,0
130,3,41801,70631,106917,9,442,0
131,12,46196,55033,94200,31,549,0
132,6,39072,73133,135848,33,601,1
133,18,28752,83165,136022,8,324,0
134,1,22685,83861,76619,16,369,0
135,9,46401,62290,47154,10,411,0
136,12,16372,41750,49539,31,663,0
137,5,13996,50461,90058,9,602,0
138,11,21458,83800,92068,21,770,0
139,11,36889,88222,107313,16,390,0
140,19,31665,34226,129932,3,829,0
141,10,43243,16721,60373,24,491,0
142,6,36653,66154,63154,20,541,1
143,0,31657,30609,36031,36,437,0
144,0,44952,62130,123533,37,644,0
145,19,27180,82909,101975,0,479,0
146,12,36896,65249,52785,24,802,0
147,8,17875,58895,108928,35,502,0
148,2,6622,15656,148696,16,491,0
149,6,45809,84520,58669,23,304,0
150,5,21725,73740,124475,1,536,1
151,7,45760,74309,147154,39,610,0
152,8,20646,39984,32282,14,848,0
153,4,22029,83822,64624,31,355,0
154,0,34402,15901,78438,38,742,0
155,18,9263,41552,119900,5,536,0
156,9,35987,41055,97534,0,496,0
157,11,13646,47685,61705,22,813,0
158,14,32529,83965,68244,38,748,0
159,8,16664,24716,104964,16,659,0
160,19,40737,21138,67437,33,329,0
161,16,40796,45298,107872,28,407,1
162,16,29027,61112,104878,8,744,0
163,19,34373,33429,149006,12,737,0
164,11,41397,60200,135368,5,756,0
165,6,25609,81308,102982,5,794,0
166,1,40835,58244,80583,19,546,0
167,2,43709,27347,68392,2,842,0
168,16,24250,26920,37461,16,738,0
169,4,26172,41822,130123,11,577,0
170,16,16555,56659,40516,0,410,0
171,16,26874,50108,109285,16,684,0
172,16,18081,99099,47514,2,490,1
173,1,29063,17967,130962,25,789,0
174,1,11819,21871,66268,14,725,0
175,4,30712,87452,120486,35,704,0
176,0,29762,84270,130424,31,634,0
177,0,16046,43613,66788,31,508,0
178,18,36463,38179,105749,3,321,0
179,1,33769,62188,91049,17,507,0
180,11,28150,65099,92493,18,307,0
181,5,7711,45262,66027,34,828,0
182,3,9853,88213,123547,39,465,0
183,10,34077,28268,72849,13,795,1
184,16,28863,87866,130127,32,728,0
185,5,26792,96269,47858,13,462,1
186,4,45483,70545,114162,33,665,0
187,19,13942,82146,109003,3,825,0
188,1,6762,81966,82395,23,538,1
189,5,36987,49922,69758,28,371,0
190,10,20850,89364,84312,18,744,1
191,15,17112,52913,98670,5,808,0
192,15,29058,65677,146758,32,568,0
193,0,43890,59841,112279,39,714,1
194,8,5481,56332,45434,18,544,0
195,5,37921,35032,94047,0,359,1
196,15,45385,47846,77775,4,305,1
197,2,6524,69474,105769,26,706,0
198,19,39888,54936,144682,15,516,0
199,3,20048,39794,96677,5,325,0
200,18,40111,71588,113555,39,304,0
201,2,42904,80984,115920,12,831,0
202,18,39008,60331,138439,34,689,0
203,19,5060,38141,75734,18,747,0
204,6,14130,19074,131665,11,445,0
205,19,23023,16406,118503,15,687,1
206,8,18350,33291,70603,9,548,0
207,0,29354,51568,106708,24,825,0
208,7,33145,56851,111926,19,761,0
209,6,39020,64823,98803,30,312,0
210,17,25587,33312,69332,3,683,0
211,7,46131,53108,121703,22,698,0
212,0,14650,76918,51312,1,318,1
213,10,24933,44171,123376,21,790,0
214,17,25581,51779,114526,36,718,0
215,9,28393,78828,74179,7,636,0
216,2,28051,22411,101442,6,718,1
217,6,31212,67009,144332,13,421,0
218,15,9090,25422,147961,2,731,0
219,15,11960,52468,70379,15,343,0
220,19,40772,42371,47297,18,616,0
221,16,26520,67022,32011,17,680,0
222,1,41408,81229,146130,15,444,0
223,0,33470,61196,74014,7,626,1
224,15,25491,90354,142094,32,662,0
225,11,6341,36715,41738,11,349,0
226,4,49623,37605,124333,10,364,0
227,4,29791,41174,77498,4,654,0
228,8,5338,19956,41120,26,463,0
229,8,10895,86373,146517,11,440,0
230,2,17254,79252,38767,16,427,0
231,18,16344,71949,52852,5,697,0
232,15,6750,72646,109239,32,762,0
233,15,7421,80017,30929,4,486,0
234,2,44887,73037,107487,27,489,0
235,19,10319,99818,148387,13,687,0
236,0,20896,16548,121575,4,728,0
237,19,16918,83294,144149,32,583,1
238,10,30064,33177,125040,18,536,0
239,16,32935,34022,47438,21,493,0
240,7,42641,15542,78515,4,586,1
241,3,34711,70428,35744,1,435,1
242,5,9806,32740,113820,29,470,0
243,7,46360,69353,72417,38,458,0
244,19,17182,66532,135284,3,500,0
245,2,27297,26052,37069,32,786,0
246,15,24541,57076,72359,12,803,0
247,2,33921,63420,49799,19,670,0
248,17,21774,10671,128746,6,402,0
249,13,49813,10163,123762,14,424,0
250,17,42198,51424,100188,22,612,0
251,1,13820,63744,119859,13,757,0
252,2,29070,80331,137674,22,529,0
253,15,9232,20634,37597,18,496,0
254,8,16122,14798,77093,28,722,0
255,3,20023,32420,67226,19,470,0
256,0,13007,39300,102127,28,681,0
257,3,22905,99881,144650,23,472,1
258,0,46786,20749,121369,17,752,0
259,13,34398,35121,107362,9,649,0
260,15,39268,47487,56417,7,793,1
261,19,11737,43361,48693,25,303,0
262,7,41062,31223,109674,28,392,0
263,6,30510,82930,145598,9,305,1
264,2,24426,24056,149028,16,587,0
265,16,42265,38380,83161,1,445,0
266,0,22850,36035,32169,5,723,0
267,15,5614,40620,114092,4,756,0
268,11,26776,29877,52052,27,501,0
269,18,29077,65316,101849,4,511,0
270,13,14374,74041,103851,17,305,0
271,5,40435,63352,38036,25,675,0
272,5,35907,40911,61778,19,746,0
273,12,18409,42784,57734,26,405,0
274,18,21514,13191,53173,11,700,0
275,7,34866,43160,60403,6,395,0
276,1,7983,74641,96321,2,687,0
277,0,36705,59723,101675,9,751,0
278,14,25662,13631,36344,33,715,0
279,0,28510,16172,48800,24,803,0
280,4,17651,52080,55372,34,753,1
281,15,45998,99097,91516,15,590,0
282,18,33535,30281,50538,1,833,0
283,3,11640,38671,93918,23,492,0
284,2,49547,61431,44973,9,449,1
285,16,20317,38602,101155,37,814,0
286,16,12564,98789,130240,21,692,0
287,11,32345,61399,89500,25,615,0
288,13,33687,33472,66575,38,375,0
289,5,18737,59230,135455,26,569,0
290,2,14323,83616,72261,28,524,0
291,8,20229,17099,140659,37,829,1
292,4,49481,35431,57716,19,412,0
293,16,13502,66492,33236,26,550,0
294,13,5545,57684,45848,19,532,1
295,2,42114,40111,32352,18,382,0
296,0,34430,73936,31932,19,424,0
297,19,14996,32614,106449,34,474,0
298,0,32788,51991,38556,1,368,0
299,2,34969,80476,116836,29,346,0
300,17,18919,70920,35498,33,555,0
301,9,8810,73530,106118,21,329,0
302,2,35586,46224,80098,2,580,0
303,7,44974,17788,94386,5,536,0
304,13,46773,38082,142169,14,547,0
305,17,21371,99570,39569,26,667,0
306,14,34629,86816,146127,9,794,0
307,1,13436,93588,86882,8,324,0
308,9,17984,26531,100393,32,789,0
309,1,38039,98340,30340,31,793,1
310,16,24895,54857,73949,5,613,0
311,7,23155,20142,112302,35,674,0
312,0,15616,58355,92443,1,324,0
313,8,42129,19866,121668,28,633,0
314,10,44837,80067,104027,3,654,0
315,15,29574,74027,30138,0,415,0
316,6,8430,67906,30358,18,347,0
317,9,17676,38138,149619,25,398,0
318,2,15816,39956,105250,24,758,0
319,17,37733,86295,115376,9,822,0
320,12,25144,15439,129931,14,704,0
321,6,7050,57241,60654,21,513,0
322,3,49460,52533,55879,20,802,0
323,12,38933,38270,111532,21,747,0
324,19,29951,88815,85778,35,557,0
325,0,37413,49279,67772,33,420,0
326,7,39801,33888,88478,29,353,0
327,13,37913,27630,94353,24,630,0
328,15,45600,71063,56762,27,540,0
329,13,30280,45144,43283,0,829,0
330,11,29557,62161,93922,3,782,0
331,18,40400,87360,69420,6,486,1
332,14,9494,60979,85568,8,561,0
333,1,20152,16979,115090,35,663,0
334,1,28895,36189,50219,18,790,0
335,18,14155,52600,87169,0,730,0
336,16,36883,69560,130455,9,538,1
337,19,48194,88040,104965,35,603,0
338,9,48001,71558,76840,8,597,0
339,5,6828,96205,74695,31,375,0
340,14,46898,16910,135209,31,632,0
341,10,37123,67713,114754,5,773,0
342,4,42573,56857,107988,37,582,0
343,0,5806,44964,88342,16,371,0
344,7,45970,95667,144516,9,562,0
345,11,34757,35227,48951,26,311,0
346,11,39636,15978,31307,34,440,1
347,4,19561,97527,110388,20,316,0
348,6,29262,27153,120768,24,362,0
349,3,19899,69765,65428,27,552,0
350,5,20934,49071,138707,14,764,0
351,12,43197,79519,122021,3,675,0
352,19,46844,19503,148418,28,819,0
353,14,41332,70703,105774,8,389,0
354,2,39157,74379,68975,26,474,1
355,7,16593,67866,147850,25,375,0
356,19,45042,26905,31140,18,699,0
357,15,22320,55838,54842,27,370,0
358,12,32376,68279,56421,16,479,0
359,17,48513,99489,31708,19,423,0
360,9,19199,36806,33630,39,680,0
361,18,20876,55000,49595,38,592,0
362,16,13245,32168,106021,22,494,1
363,18,12214,80119,58308,31,527,0
364,4,5726,48714,74789,32,730,0
365,8,16362,64093,85690,4,735,0
366,11,23297,65419,56086,33,760,0
367,0,35448,59145,46859,39,320,0
368,0,31172,87425,37684,10,363,0
369,14,47874,87811,121088,2,464,0
370,1,12657,12461,31207,32,326,0
371,15,23850,24291,76099,10,610,0
372,7,30425,56804,97496,15,584,0
373,12,31685,86971,96093,17,580,0
374,0,29578,74946,59689,29,463,0
375,15,33831,94080,78651,9,523,0
376,6,12906,71332,43893,17,445,0
377,4,12287,87794,127808,37,329,0
378,2,38660,40841,96418,18,344,0
379,11,15222,58758,133065,35,770,0
380,15,42443,86272,90011,12,333,0
381,18,39701,47643,68635,2,726,0
382,4,22764,60408,86115,9,520,0
383,13,49641,53950,125071,37,833,0
384,4,22674,66849,108405,0,666,0
385,14,23024,38044,102702,26,849,0
386,16,28874,25997,108518,7,415,0
387,13,48642,89751,136233,16,538,0
388,19,37284,33911,133651,8,634,0
389,4,22602,65533,102805,5,740,0
390,11,42784,92566,88954,24,447,1
391,15,28265,24571,58064,38,308,0
392,15,30931,67941,109063,27,587,0
393,6,33841,68005,32454,32,687,0
394,3,34192,96250,50878,36,349,0
395,0,47520,68712,81098,8,816,0
396,4,20585,53541,92154,17,577,0
397,9,30559,33387,42991,20,599,0
398,4,45059,58908,98344,1,434,0
399,3,38742,95457,134946,37,446,0
400,1,9133,23057,66593,39,789,0
401,19,19663,74028,66304,35,777,0
402,9,26754,65731,60386,36,458,0
403,18,8972,34858,85220,14,683,0
404,0,10295,58689,143613,27,462,1
405,4,46873,54638,99338,17,740,1
406,12,34125,56486,124289,33,488,0
407,3,45996,30567,51083,21,714,0
408,15,14903,39739,48354,10,638,1
409,15,8020,67804,52190,12,480,0
410,1,46755,13754,36142,3,587,0
411,16,25420,37044,58398,21,486,1
412,19,26452,77260,81971,6,437,0
413,11,43001,76912,71862,23,429,0
414,17,14516,18706,128668,3,493,0
415,2,7396,18894,83410,27,615,0
416,0,23546,28037,49503,14,443,0
417,0,24129,93986,78456,0,315,0
418,18,6591,91942,130167,2,601,0
419,10,16303,61612,112035,13,722,0
420,4,35561,39725,135388,37,544,0
421,11,11183,15926,38016,0,406,0
422,2,31572,19496,32384,37,387,0
423,0,39080,66447,92320,37,428,1
424,0,25695,39806,45072,20,640,0
425,7,12314,98199,132239,28,303,0
426,9,24623,51321,141431,4,626,0
427,10,7139,75095,110018,9,709,0
428,11,36290,32656,70510,27,605,0
429,12,23088,65147,78933,20,524,0
430,11,44692,59666,51826,6,647,0
431,13,38130,92368,98026,2,620,0
432,1,37088,48787,141628,19,480,0
433,18,31292,72946,55518,18,685,0
434,17,25670,31727,54045,34,407,0
435,2,8738,78056,80876,3,830,0
436,16,7469,13081,122446,4,709,0
437,7,27534,44196,120102,0,595,0
438,9,14017,46735,81919,3,470,1
439,1,7808,90102,129441,11,630,0
440,18,17713,89578,57103,26,792,0
441,8,45329,35498,148805,22,494,0
442,6,7719,86865,66188,24,311,0
443,3,27890,41656,35845,20,494,0
444,17,16700,77695,116698,23,789,0
445,12,41509,47900,66674,24,481,0
446,10,47534,94899,148325,31,615,0
447,3,41766,57701,49337,31,329,0
448,3,31705,29033,52313,4,395,0
449,9,23787,20805,56943,35,680,0
450,4,31588,45851,107949,38,743,0
451,8,31123,36832,30276,15,597,0
452,2,38062,73437,81151,32,660,0
453,16,15177,23944,47611,20,673,0
454,2,26727,29873,134641,8,602,0
455,15,35220,50372,41944,5,720,1
456,3,14882,99464,82887,34,545,0
457,17,6136,25379,111442,38,536,0
458,16,39832,46751,79847,21,833,0
459,6,36966,99822,88653,4,484,0
460,4,12009,15110,116072,22,767,0
461,11,17987,64341,86622,16,662,0
462,16,42311,22087,57810,11,582,0
463,12,36575,33762,107842,22,635,0
464,2,6007,92617,40503,15,461,0
465,8,10445,19596,114761,2,459,0
466,16,15706,28313,66976,29,773,0
467,16,49486,76549,41590,21,621,0
468,19,34257,33705,40886,8,311,0
469,15,26736,77364,42866,28,723,0
470,12,47207,83445,96624,36,372,0
471,18,18281,88645,98899,22,500,0
472,16,6435,12023,62792,12,821,0
473,3,38339,69796,39764,31,804,0
474,11,40150,90073,116156,22,338,1
475,8,30821,74429,72727,16,359,0
476,18,31660,71627,108471,39,620,0
477,11,10084,43848,38068,20,734,0
478,8,21661,47804,146923,1,707,0
479,6,18507,25379,37295,36,685,1
480,13,12059,69664,71160,5,377,0
481,19,23271,37766,41390,17,493,0
482,18,12491,78099,136752,29,584,0
483,14,19859,46060,50131,21,826,0
484,15,13073,79122,124754,32,823,1
485,4,14077,26087,105969,29,455,0
486,2,25953,58868,45038,16,639,1
487,11,16383,33225,82327,31,424,0
488,19,7353,16643,123718,13,579,0
489,3,28821,46727,107064,9,427,0
490,15,42567,21005,51281,35,613,0
491,6,29860,75697,84189,33,631,0
492,12,26195,26029,78511,8,449,0
493,9,16939,24226,38605,27,753,0
494,6,30338,73646,130318,10,335,0
495,13,26730,70603,31381,13,719,0
496,4,26427,38731,96634,38,321,0
497,2,40196,78926,49810,18,505,0
498,10,32083,15997,148343,14,655,0
499,10,26510,65506,54322,27,739,0
500,17,49064,88229,71869,23,395,0
501,14,12813,59815,62955,7,463,0
502,11,36598,52092,91388,8,447,0
503,8,32570,72539,140252,32,829,0
504,9,32082,76077,40207,32,593,0
505,11,34241,31817,117329,18,494,0
506,16,35678,47861,97628,2,779,1
507,5,49569,23428,58220,9,422,0
508,6,16745,53934,114050,39,699,0
509,13,31029,20258,133546,0,751,0
510,12,18025,67775,104085,28,403,0
511,7,41124,91580,52031,33,761,0
512,9,19288,15469,100721,12,695,0
513,8,28650,38854,110807,0,636,0
514,17,11540,16256,101312,33,441,1
515,1,37232,86256,89766,28,616,0
516,4,21422,43937,42449,12,826,0
517,4,8342,11651,119833,28,700,0
518,5,46846,60288,86699,38,609,0
519,18,40612,94730,136127,23,794,1
520,7,15396,35051,111253,25,408,0
521,15,22482,37386,135659,16,671,0
522,12,28411,85054,134769,6,505,0
523,0,18261,26184,141041,12,342,0
524,19,8093,43787,146185,4,544,1
525,16,16722,31621,76092,25,586,0
526,6,27042,85564,93671,2,654,0
527,12,49413,87984,40350,6,775,1
528,3,33087,69792,126158,38,382,1
529,3,37347,55253,130859,0,409,0
530,5,38756,44051,98487,16,489,0
531,18,44214,59811,47622,24,550,0
532,11,21335,40447,100263,2,590,0
533,6,33602,93930,83117,14,500,0
534,9,39450,40254,133990,28,625,0
535,18,37196,94045,88394,31,810,0
536,6,10626,67418,132005,25,708,0
537,2,12424,24472,131084,15,807,0
538,12,17857,13471,53782,24,371,0
539,12,49923,18329,146276,27,546,0
540,17,24982,44865,58454,8,643,0
541,19,16425,56850,97904,0,353,0
542,7,6980,64220,45592,28,827,0
543,8,31431,16397,52173,21,831,0
544,6,24440,45525,63204,15,492,0
545,0,46752,63072,65596,6,357,0
546,2,22175,93820,64324,13,736,0
547,12,31385,94530,141668,28,410,0
548,16,43158,33284,91202,18,428,0
549,0,28019,71330,119400,18,625,0
550,5,23639,93369,143365,1,307,0
551,5,24994,35122,60750,14,328,1
552,11,39375,80553,106112,2,411,0
553,12,26563,91906,46566,10,430,0
554,12,44341,72812,37190,29,487,1
555,14,10776,17999,118607,39,774,0
556,15,41444,32436,68333,17,663,0
557,10,8380,52963,110905,1,503,0
558,4,13711,12096,119571,31,511,1
559,3,13782,35279,31589,7,575,0
560,2,22434,36201,55235,21,372,0
561,18,25017,29715,30159,5,542,0
562,19,35707,39309,42145,11,401,0
563,17,44110,25078,110909,39,470,0
564,14,22343,66614,61921,35,487,0
565,8,43827,15105,134859,14,740,0
566,16,46652,12839,46237,27,385,0
567,13,10655,78920,137507,17,775,0
568,14,49859,53619,38244,1,351,0
569,0,20251,52821,44743,12,410,0
570,2,5526,23493,127102,14,342,0
571,15,8224,27069,76101,19,510,0
572,10,16536,17531,141645,28,499,0
573,11,33541,47051,114227,28,325,0
574,9,18547,17736,129532,2,598,0
575,15,39531,17710,86378,18,376,0
576,7,13712,77155,101126,2,436,0
577,5,43565,23975,86071,13,319,0
578,11,14208,72424,101121,39,739,0
579,7,10109,55603,104763,3,510,1
580,3,40201,33252,123814,10,734,1
581,7,21967,90797,134350,30,506,0
582,17,34759,11431,42237,31,738,0
583,4,25172,84603,45649,26,341,0
584,8,41935,47481,67713,29,710,0
585,3,31589,19557,103463,1,822,0
586,16,35015,84971,75409,8,726,1
587,8,34009,10162,78766,27,574,0
588,0,22773,44742,76154,30,747,1
589,19,46125,29675,37016,33,668,0
590,12,31143,83997,109563,14,519,0
591,15,11154,27015,78688,24,531,0
592,12,26804,60057,119678,35,627,0
593,13,46688,42591,142056,7,742,0
594,2,25581,19833,84238,8,351,0
595,5,35087,17896,88608,36,675,0
596,17,37981,42972,119081,38,562,0
597,18,8762,59733,146572,31,566,0
598,4,14768,51800,61897,16,658,0
599,14,48408,15347,80961,34,616,0
600,1,44499,69063,98703,36,623,0
601,9,43559,12643,74757,18,720,1
602,17,13783,50785,56917,28,345,0
603,12,34781,28681,52736,6,568,0
604,4,35811,60026,57990,27,680,0
605,0,40488,25892,92551,8,417,0
606,0,13905,57299,88161,27,415,0
607,17,14127,27073,109623,5,559,0
608,14,27431,40682,52440,28,374,0
609,16,11368,24289,65205,16,779,0
610,10,32424,17927,110811,15,604,0
611,16,23333,58330,85103,22,306,1
612,12,28116,76707,100812,30,665,1
613,0,48201,87454,71627,2,822,0
614,1,20525,75428,136122,20,647,0
615,8,28398,60601,133032,25,737,0
616,2,37857,87465,49008,35,514,0
617,0,15361,12539,101274,36,728,0
618,15,21369,32669,62402,21,797,0
619,5,8041,80968,83384,11,839,1
620,16,5105,30644,35793,12,666,1
621,4,14078,28745,132827,10,612,0
622,4,30003,38228,35571,15,837,0
623,5,11090,44521,126867,7,353,0
624,2,43850,36928,46209,39,840,0
625,4,6925,28322,143550,39,766,0
626,4,23440,67714,120930,1,463,0
627,9,44685,97896,73148,29,633,1
628,9,31015,72292,121218,29,846,0
629,18,38320,39055,32224,11,647,0
630,16,30291,52891,136693,9,572,0
631,13,41679,91912,78695,10,713,0
632,8,31289,16588,139988,14,799,0
633,13,8389,16304,138944,15,392,0
634,0,30683,17345,62441,16,378,0
635,18,18629,39300,136966,25,516,0
636,12,29826,34259,69129,1,657,0
637,12,40198,98553,130252,11,806,1
638,3,31630,25352,92368,25,480,0
639,0,38226,43365,140395,22,545,0
640,16,37975,29446,122122,17,543,0
641,7,5899,12336,74760,31,805,0
642,1,16653,72032,53478,37,721,0
643,7,32961,85415,101854,2,619,1
644,6,21405,17521,124230,37,386,1
645,1,13601,81707,115716,2,516,0
646,2,38662,33481,42180,29,789,0
647,17,38282,28474,128538,0,818,0
648,11,26288,56760,45372,29,577,0
649,0,34545,65718,59796,31,468,0
650,11,41877,54629,88272,27,629,0
651,4,20313,55232,148295,20,740,0
652,16,20349,96544,119963,12,690,0
653,15,12179,77169,128826,26,795,0
654,14,15326,60669,123635,35,680,1
655,14,49555,88021,141022,6,605,0
656,4,6560,79184,84040,21,812,0
657,13,18612,57945,105357,9,487,0
658,1,22650,23140,101368,38,815,0
659,10,31745,93457,108356,14,726,0
660,18,36890,24357,46211,14,801,0
661,6,25022,78673,135426,3,559,1
662,5,9780,75633,35842,31,812,0
663,1,23311,86943,93115,22,370,0
664,5,33380,88258,96852,5,777,0
665,17,49662,22924,75968,23,477,0
666,1,7356,79286,47508,19,756,0
667,17,9790,84071,52005,36,488,1
668,14,31911,67326,84575,19,590,0
669,18,29363,40651,110742,11,819,0
670,1,25049,80202,48971,32,591,0
671,19,15181,58777,55599,27,582,0
672,5,44825,26994,117592,7,843,1
673,0,21082,77263,96914,0,676,1
674,14,5661,69634,148062,36,455,0
675,9,42412,20800,97055,21,807,0
676,18,7920,47823,117697,5,712,0
677,16,30658,73878,136239,20,827,0
678,4,19025,28708,134397,31,654,1
679,3,13946,22819,35355,34,486,0
680,9,33706,84905,84120,14,330,0
681,16,44004,73870,104619,4,559,0
682,9,21309,19283,68342,5,720,0
683,16,38120,40573,115992,24,828,0
684,19,35027,88707,108860,39,603,0
685,4,12005,40933,32257,28,338,0
686,1,5956,15774,57364,6,788,0
687,5,39839,82055,54972,39,841,0
688,1,13595,20983,141715,12,577,0
689,12,17803,28133,56654,37,502,0
690,10,30963,24939,110769,17,365,0
691,10,41221,10781,111423,1,407,0
692,15,44443,66700,59320,7,567,1
693,10,38723,37624,50808,10,521,0
694,18,44063,16823,82389,32,829,0
695,14,20282,28489,125690,37,389,0
696,15,9703,49961,148581,26,554,0
697,10,11563,39118,64773,19,754,0
698,15,30849,91816,81168,11,552,0
699,7,36860,32263,57747,30,556,0
700,3,36585,23565,106396,26,682,0
701,7,27015,30354,138374,31,741,0
702,3,17003,52951,137692,9,389,0
703,2,48585,33648,113692,2,689,0
704,2,31958,60729,87505,26,343,0
705,17,31017,51971,115896,34,318,0
706,18,16171,28658,48135,30,400,0
707,18,17201,31253,120887,14,656,0
708,4,34426,74166,126035,15,841,1
709,17,22778,58563,77377,12,332,0
710,9,47229,36390,53554,34,528,0
711,5,26116,98664,92491,10,823,0
712,0,38297,61578,85621,20,454,0
713,4,24342,89025,144667,10,722,0
714,8,32490,42658,88283,29,545,0
715,11,24975,16852,115140,34,704,0
716,13,31723,12551,46923,21,840,1
717,1,28279,81947,77591,37,460,0
718,16,17765,71001,92261,30,416,0
719,13,16561,59159,146149,13,570,0
720,12,46899,61707,84336,23,786,0
721,8,5525,43243,104083,31,471,0
722,14,27861,31800,90948,35,573,0
723,14,38142,85939,139819,31,558,0
724,10,31916,67828,63002,14,434,1
725,15,49965,17239,110098,34,721,0
726,16,9648,16710,146236,2,720,0
727,3,40133,31384,103016,15,485,1
728,0,35523,31038,56672,4,663,0
729,7,34052,50846,34213,20,677,0
730,16,39414,97983,40293,9,822,1
731,2,37781,77821,129977,18,495,0
732,19,9599,47991,85860,24,397,1
733,14,40046,89057,92507,3,321,0
734,14,40923,16971,87134,28,749,0
735,13,46089,39139,32100,18,471,1
736,13,8814,95445,140153,1,682,0
737,1,40984,87067,91997,9,433,0
738,12,31616,90257,58172,24,725,0
739,13,7113,94742,50132,19,324,1
740,18,48006,47711,147861,18,802,0
741,6,18760,16530,48199,22,484,0
742,2,26927,21116,66609,23,384,0
743,14,25939,75794,72965,10,443,0
744,13,37419,10282,38016,33,711,0
745,10,17588,89473,69779,27,523,0
746,14,41142,11898,132797,4,519,0
747,12,44198,14135,61881,4,478,0
748,17,49738,16629,112594,20,732,0
749,5,38397,95120,54472,11,564,0
750,2,21653,99087,136882,3,728,0
751,18,15831,75031,130462,19,715,1
752,14,10724,43380,81813,37,752,0
753,4,16083,27071,130368,24,496,0
754,9,24816,30074,66021,13,352,0
755,6,47240,77843,84131,10,779,0
756,16,11276,49901,54087,31,742,0
757,6,43663,21205,42828,10,629,0
758,11,18994,65661,91610,17,550,0
759,16,28499,15906,126664,26,422,1
760,12,28040,12591,31401,17,686,0
761,19,48320,72987,115179,22,638,0
762,3,21959,73370,45193,10,647,0
763,9,11099,90685,122389,20,328,1
764,2,47267,64400,74864,4,334,0
765,8,24576,35150,50307,22,817,0
766,12,40946,41852,132518,24,695,0
767,17,11116,52870,49611,9,593,0
768,14,20563,62756,73791,21,648,0
769,3,31788,66481,41950,18,446,0
770,14,31928,11283,106240,0,366,1
771,1,41336,43691,138647,6,819,1
772,14,14847,11125,107403,3,421,0
773,7,31155,77065,32745,0,639,1
774,7,19135,36170,85243,14,474,0
775,16,22774,18438,33866,39,750,0
776,11,6742,30095,62245,11,435,0
777,18,23309,26154,74724,21,315,0
778,9,5619,18004,101354,21,632,0
779,8,22658,19752,81374,16,494,0
780,4,39707,65426,144397,28,795,0
781,5,25337,36819,147480,13,308,0
782,19,21001,34217,60116,19,633,0
783,1,5968,98708,111029,32,632,0
784,12,30892,42994,123574,14,626,0
785,5,30619,25036,50447,11,314,0
786,4,5281,87275,60431,39,525,1
787,0,32420,59416,47908,19,724,0
788,5,20360,19587,59336,29,707,0
789,5,44030,10645,70992,37,412,1
790,15,6058,40930,85350,2,727,0
791,3,25677,91835,99561,27,300,0
792,10,15724,40090,147254,25,565,0
793,8,33404,97489,81955,29,790,0
794,2,42946,62142,91240,12,507,0
795,18,44748,36475,50093,12,668,0
796,7,34856,28888,36155,1,605,0
797,4,14200,53732,76607,36,311,0
798,3,38997,91623,63487,37,644,0
799,5,30611,56305,143194,1,764,0
800,1,46235,56037,85668,35,793,0
801,19,40057,19346,50963,25,667,0
802,10,6239,10587,80124,10,719,0
803,3,43138,22763,82870,7,470,0
804,14,5125,69165,86547,39,433,0
805,5,28857,79615,94110,21,726,0
806,16,20398,46116,83554,19,324,0
807,5,11638,95751,50936,7,829,0
808,18,11570,35556,146895,28,489,0
809,1,8249,69042,34426,39,440,1
810,14,14110,28099,118839,25,614,0
811,10,45363,55096,140816,29,743,0
812,7,18605,81986,57606,16,618,1
813,18,17115,23230,77832,19,740,0
814,12,44062,39009,58151,15,391,0
815,11,27911,80969,109303,6,478,0
816,4,43525,43866,41308,15,355,0
817,5,37556,94246,139781,26,454,0
818,3,17595,86975,92522,22,410,0
819,18,6969,51855,75671,23,436,0
820,19,48753,91557,120306,8,531,0
821,0,22275,16416,124108,34,767,0
822,19,9470,82516,136984,19,780,0
823,16,15225,65915,32204,36,367,0
824,11,47324,28058,122769,16,548,0
825,14,46974,86637,117265,30,622,0
826,0,47759,50718,61131,7,817,1
827,13,28196,42602,82428,14,731,0
828,5,45287,84658,63870,30,786,0
829,4,18669,88112,133547,29,728,0
830,10,42380,68067,134918,19,568,0
831,3,43006,37516,79067,38,836,0
832,12,20577,97969,88585,11,447,0
833,10,27473,11089,137011,16,417,0
834,2,33625,47346,142217,29,666,0
835,0,20504,84663,51607,28,365,0
836,5,29089,20487,54968,18,669,0
837,17,41487,10155,128934,10,474,1
838,9,5302,77494,41908,33,794,0
839,4,36463,86229,56423,6,413,0
840,9,49912,48547,139151,33,410,0
841,11,34259,38795,104707,19,738,0
842,1,47823,65296,108257,37,446,0
843,12,42208,31447,91215,23,334,0
844,7,35659,46598,85835,9,608,0
845,1,40840,51814,79429,31,837,0
846,19,36890,85330,112152,14,313,0
847,0,18598,97960,138048,36,673,0
848,4,24508,73278,68458,19,727,0
849,8,47287,65077,76169,2,532,0
850,16,18380,81906,37659,36,739,0
851,8,31984,19528,90614,39,801,0
852,10,49633,60100,138905,7,574,0
853,14,13125,18179,107240,39,375,1
854,5,41059,58781,62793,22,738,0
855,2,9033,65267,143688,39,588,0
856,16,42873,92379,76473,10,839,0
857,4,22087,33952,126762,7,552,0
858,11,45901,63798,119388,28,425,0
859,17,10704,60939,127618,29,476,0
860,13,12848,39516,118330,9,336,1
861,10,26592,66526,136956,38,709,0
862,8,11924,20449,148452,27,426,0
863,1,32208,60290,85751,35,782,0
864,11,24614,96661,108915,12,467,0
865,2,5488,82954,84254,31,593,0
866,2,44882,32746,37006,35,642,0
867,0,30923,77990,148171,36,609,1
868,7,40941,68810,146682,25,827,0
869,7,34165,93297,104218,21,839,0
870,10,6667,25223,95344,3,718,0
871,8,31213,82237,63840,30,743,0
872,4,9114,12597,62430,17,535,0
873,13,41321,75677,53091,37,738,0
874,2,12761,12659,62983,23,513,0
875,4,36116,96516,53989,22,384,0
876,4,38768,84567,105451,21,384,1
877,18,30426,25037,138088,1,788,1
878,13,22772,56738,48990,30,364,0
879,3,43218,81678,120270,10,363,0
880,12,8712,22109,110360,27,642,0
881,9,6367,32010,149469,31,651,0
882,17,45957,18787,66081,4,457,0
883,7,46781,18472,41033,37,790,0
884,7,31200,33383,138272,9,762,0
885,6,8726,71709,46241,39,524,0
886,7,28616,79785,35939,23,612,0
887,13,32723,44518,143000,34,765,0
888,18,42574,63909,77562,22,387,0
889,5,39958,28351,65063,16,602,0
890,0,14108,79624,130000,0,734,0
891,14,17178,63330,106721,30,434,0
892,0,40643,25282,57045,30,349,1
893,16,36324,94866,146634,33,731,0
894,0,43360,31778,74769,8,639,0
895,14,22824,34264,77118,21,646,0
896,1,13927,69675,114703,12,646,1
897,13,33144,15075,131948,24,544,0
898,7,36010,85948,51625,17,408,0
899,7,27443,58454,134724,11,832,1
900,18,19437,38365,57076,39,389,0
901,6,49298,82766,94805,16,595,1
902,18,44778,58200,74605,14,411,1
903,5,16207,21002,114565,14,476,1
904,5,30537,23947,118509,14,642,0
905,2,40757,89222,69121,38,400,0
906,6,17040,88610,95101,12,700,0
907,18,46986,62142,61433,16,327,0
908,7,27612,66307,73309,31,836,0
909,9,33441,14493,97468,8,357,0
910,19,11471,60085,74254,39,797,0
911,14,40631,44228,97293,19,596,0
912,14,48461,89676,126258,25,433,0
913,0,31523,61875,67853,26,630,0
914,19,36348,41655,68405,20,548,0
915,6,6177,53472,96652,17,849,0
916,3,9760,59437,73527,12,374,0
917,5,37779,59416,107227,15,467,0
918,0,26636,69711,30492,8,802,0
919,4,21353,16816,123418,11,654,0
920,0,16556,87175,38811,37,524,0
921,3,32598,74307,123344,18,830,0
922,1,16563,56733,54272,6,445,0
923,9,48790,21240,123935,34,540,1
924,4,13234,81363,102010,17,643,0
925,9,30519,42762,122492,15,334,0
926,0,31966,18259,77153,38,300,0
927,5,21173,60139,138042,3,452,0
928,12,31987,24849,84110,24,728,0
929,14,18178,91768,43979,31,807,0
930,3,44338,99709,140059,39,425,0
931,12,29596,64869,138101,12,790,0
932,19,38174,73095,58328,16,781,0
933,14,46974,80910,142911,36,644,0
934,7,9431,96710,42867,5,520,0
935,4,32764,33567,89234,18,324,1
936,14,26627,45292,55851,12,827,0
937,3,44310,84813,61279,25,481,0
938,11,13906,61631,147431,13,798,0
939,12,41914,19885,126063,30,341,0
940,1,49814,69659,103402,3,780,0
941,18,18076,64306,45449,38,738,0
942,18,42650,76314,106221,7,701,0
943,3,11012,75087,119080,24,845,0
944,3,12151,39165,35451,12,644,0
945,10,33211,68929,117178,31,344,0
946,4,32117,77028,71316,37,320,1
947,19,41378,59812,93064,37,369,0
948,10,47652,60500,93761,27,347,0
949,9,11894,89151,135490,29,790,0
950,7,18467,68643,68870,2,586,0
951,5,36010,54900,126566,27,309,1
952,5,47641,52946,60873,2,841,0
953,7,17289,17851,88627,33,573,0
954,14,49976,26288,96155,15,680,0
955,13,48596,82692,129186,21,628,0
956,10,28171,77580,55372,31,778,0
957,11,39905,17368,33642,37,314,0
958,12,25829,95436,58001,7,815,0
959,7,39054,56403,64064,7,490,1
960,17,49139,19168,124826,5,467,0
961,0,34734,96497,44122,13,820,0
962,14,12052,59879,54820,31,436,0
963,7,8654,69871,98431,34,453,0
964,10,28486,99388,85745,9,687,0
965,11,23743,42174,80081,2,508,0
966,11,29489,16581,100902,11,571,0
967,3,13636,81853,38711,30,442,0
968,15,11441,74046,115132,28,368,1
969,3,29611,59678,48793,4,546,0
970,4,47435,36649,38199,24,560,0
971,4,17149,98668,106253,30,378,0
972,7,39566,92325,66191,20,824,1
973,9,47368,24567,40211,19,629,0
974,16,26675,90404,141086,38,488,0
975,8,10495,99906,93069,21,394,0
976,18,47668,71944,118896,3,307,1
977,13,18673,88002,86746,12,366,1
978,7,16130,38803,51542,19,795,0
979,8,27668,28230,61312,12,490,0
980,10,20222,27862,75242,16,665,0
981,0,28669,53355,131971,35,820,0
982,13,39068,41259,123783,32,416,0
983,4,28253,97445,117893,0,566,0
984,13,14435,40795,85388,14,784,1
985,3,33552,18770,136581,12,808,0
986,0,42384,21093,57691,16,597,0
987,18,21393,56571,107960,23,463,0
988,7,15617,10193,114388,7,675,0
989,14,43520,27569,52601,26,567,0
990,14,14852,21190,148307,22,848,0
991,8,36401,72824,48020,7,373,0
992,8,11295,52752,38155,7,807,1
993,9,40993,42327,99119,25,372,0
994,19,39084,52070,111051,12,607,0
995,8,44575,95925,66777,38,498,0
996,2,41451,50197,49710,36,429,0
997,19,12227,12261,138714,27,786,0
998,10,36910,36512,54532,24,450,0
999,5,41041,16716,48601,15,505,0
1000,1,28384,96795,93227,1,478,0
